{"cameraMode":{"drawMode":0,"name":"Shaded","section":"Shading Mode"},"sceneLighting":true,"audioPlay":false,"sceneViewState":{"showFog":true,"showMaterialUpdate":false,"showSkybox":true,"showFlares":true,"showImageEffects":true,"showParticleSystems":true},"in2DMode":false,"pivot":{"x":0.1857745200395584,"y":-0.03979986906051636,"z":0.05774426460266113},"rotation":{"x":0.01758957840502262,"y":0.9714030623435974,"z":-0.2241811454296112,"w":0.07621761411428452},"size":1.6118800640106202,"orthographic":false}